﻿pos_x,pos_y,rotation,side,designator,mpn,pack,value,mount_type,place
130.75,-84.0,90.0,top,J1,,SolderWire-0.5sqmm_1x03_P4.6mm_D0.9mm_OD2.1mm,Conn_01x03_Pin,tht,True
139.25,-86.5,180.0,top,J2,,JST_XH_B2B-XH-A_1x02_P2.50mm_Vertical,Conn_01x02,tht,True
145.25,-82.8,90.0,top,J4,,SolderWire-0.5sqmm_1x02_P4.6mm_D0.9mm_OD2.1mm,Conn_01x02_Pin,tht,True
134.75,-82.75,0.0,bottom,R2,,R_0805_2012Metric_Pad1.20x1.40mm_HandSolder,330R,smt,True
138.0,-79.5,0.0,top,R3,,R_0805_2012Metric_Pad1.20x1.40mm_HandSolder,330R,smt,True
141.25,-73.75,180.0,bottom,SW1,,SW_PUSH_6mm,SW_Push_Dual,tht,True
